3ddJ_ddnvkFLda5D9v77_5mDtx-yLbgZ,ciao,"Ciao, sono il chatbot NoVAGraphS.             Sono programmato per rispondere a domande riguardanti i circuiti elettrici.             Come posso aiutarti?            figure{fisica/images/saluto.png}","["" ciao ""]",2024- 1-25 18:0:51,typeABC
ix7e88jSMGHkhkXhw5Pq2Wqy0rOEBxAf,ciao,"Ciao, sono il chatbot NoVAGraphS.             Sono programmato per rispondere a domande riguardanti i circuiti elettrici.             Come posso aiutarti?            figure{saluto.png}","["" ciao ""]",2024- 1-25 18:2:19,typeABC
dRhJmvHeWjOv56ZcDNFnLO5Z0kUFH57i,ciao,"Ciao, sono il chatbot NoVAGraphS.             Sono programmato per rispondere a domande riguardanti i circuiti elettrici.             Come posso aiutarti?            figure{saluto.png}","["" ciao ""]",2024- 1-25 18:2:31,typeABC
dRhJmvHeWjOv56ZcDNFnLO5Z0kUFH57i,parlami dei circuiti,Non ho capito cosa vuoi dire. Puoi essere più specifico?,"["" parlami dei circuiti ""]",2024- 1-25 18:2:36,typeABC
dRhJmvHeWjOv56ZcDNFnLO5Z0kUFH57i,Quali sono le resistenze del circuito ,"Le resistenze del circuito sono 4: \(R_1\), \(R_2\), \(R_3\) e \(R_4\).            figure{circuitoresistenze.png}","["" Quali sono le resistenze del circuito "",""del circuito""]",2024- 1-25 18:2:40,typeABC
t0aW5ZLOTmiv1NiZ-_k5kwm-Q4h2xv8i,ciao,"Ciao, sono il chatbot NoVAGraphS.             Sono programmato per rispondere a domande riguardanti i circuiti elettrici.             Come posso aiutarti?            figure{saluto}","["" ciao ""]",2024- 1-25 18:3:15,typeABC
-4fHxOk18kdSl4I1z-0-WFucKamULP1x,resistenze,"Scusa, non ho capito.Prova a chidere ""cosa c'è tra il nodo a e il nodo b?""","["" resistenze ""]",2024- 5-14 10:16:52,typeCircuiti
-4fHxOk18kdSl4I1z-0-WFucKamULP1x,cos'è un circuito,Un circuito elettrico è un percorso chiuso attraverso il quale l'elettricità può fluire. È come un'analogia stradale dove l'elettricità è il traffico e il circuito è la strada che permette a questo traffico di muoversi.,"[""e un""]",2024- 5-14 10:17:2,typeCircuiti
SX8vMVoP3X6Fsk96PdMBXvMMRX1mv09j,resistenze,"Non ho capito.Prova a chiedere ""parla del circuito"".","["" resistenze ""]",2024- 5-14 10:29:24,typeCircuiti
SX8vMVoP3X6Fsk96PdMBXvMMRX1mv09j,parla del circuito,Il circuito è composto da 8 nodi e da 10 rami. Il ramo che va da A a B è composto da un generatore seguito da una resistenza R1. Il ramo che va da B a C non è composto da alcun elemento. Il ramo che va da C a D è composto da una resistenza R3. Il ramo che va da D a E non è composto da alcun elemento. Il ramo che va da C a H è composto da una resistenza R2. Il ramo che va da E a H è composto da un generatore. Il ramo che va da E a F è composto da una resistenza R4. Il ramo che va da H a G è composto da una resistenza R5. Il ramo che va da F a G non è composto da alcun elemento. Il ramo che va da G a A è composto da una resistenza R6figure{tre_domini/circuiti/circuito.svg},"[""parla del""]",2024- 5-14 10:29:28,typeCircuiti
dqwmMIXJjjG7-CX2Piz34gM-oiEYL02k,circuito,Il circuito è composto da 8 nodi e da 10 rami. Il ramo che va da A a B è composto da un generatore seguito da una resistenza R1. Il ramo che va da B a C non è composto da alcun elemento. Il ramo che va da C a D è composto da una resistenza R3. Il ramo che va da D a E non è composto da alcun elemento. Il ramo che va da C a H è composto da una resistenza R2. Il ramo che va da E a H è composto da un generatore. Il ramo che va da E a F è composto da una resistenza R4. Il ramo che va da H a G è composto da una resistenza R5. Il ramo che va da F a G non è composto da alcun elemento. Il ramo che va da G a A è composto da una resistenza R6figure{tre_domini/circuiti/circuito.svg},[],2024- 5-14 11:47:55,typeCircuiti
